Country;Name;Title
afghanistan;Ashraf GHANI;Pres.
afghanistan;Abdullah ABDULLAH, Dr.;CEO
afghanistan;Abdul Rashid DOSTAM;First Vice Pres.
afghanistan;Sarwar DANESH;Second Vice Pres.
afghanistan;Khyal Mohammad KHAN;First Deputy CEO
afghanistan;Nasir Ahmad DURRANI;Min. of Agriculture, Irrigation, & Livestock
afghanistan;Gul Agha SHERZAI;Min. of Border & Tribal Affairs
afghanistan;Ajmal AHMADY (Acting);Min. of Commerce & Industry
afghanistan;Salamat AZIMI;Min. of Counternarcotics
afghanistan;Asadullah KHALID (Acting);Min. of Defense
afghanistan;Mohammad Mustafa MASTOOR;Min. of Economy
afghanistan;Mohammad Mirwais BALKHI (Acting);Min. of Education
afghanistan;Tahir SHARAN (Acting);Min. of Energy & Water
afghanistan;Mohammad Humayun QAYOUMI (Acting);Min. of Finance
afghanistan;Salahuddin RABBANI;Min. of Foreign Affairs
afghanistan;Faiz Mohammad OSMANI;Min. of Hajj & Islamic Affairs
afghanistan;Abdul Tawab BALAKARZAI (Acting);Min. of Higher Education
afghanistan;Hasina SAFI (Acting);Min. of Information & Culture
afghanistan;Mohammad Masood ANDARABI (Acting);Min. of Interior
afghanistan;Abdul Basir ANWAR;Min. of Justice
afghanistan;Sayed Anwar SADAT (Acting);Min. of Martyred, Disabled, Labor, & Social Affairs
afghanistan;Nargis NEHAN (Acting);Min. of Mines & Petroleum
afghanistan;Faruq WARDAK;Min. of Parliamentary Affairs
afghanistan;Ferozuddin FEROZ;Min. of Public Health
afghanistan;Sayed Hussain Alemi BALKHI;Min. of Refugees & Repatriation
afghanistan;Mujib Rahman KARIMI;Min. of Rural Rehabilitation & Development
afghanistan;Fahim HASHEMI (Acting);Min. of Telecommunication & Information Technology
afghanistan;Ghulam Nabi FARAHI;Min. of Tourism
afghanistan;Yama YARI;Min. of Transport
afghanistan;Jawad PIKAR (Acting);Min. of Urban Development
afghanistan;Dilbar NAZARI;Min. of Women’s Affairs
afghanistan;Mohammad Farid HAMIDI;Attorney General
afghanistan;Hamdullah MOHIB;National Security Adviser
afghanistan;Mohammad Masoom STANEKZAI;Dir. Gen., National Directorate of Security
afghanistan;N/A;Governor, Da Afghanistan Bank
afghanistan;Roya RAHMANI;Ambassador to the US
afghanistan;Adela RAZ;Permanent Representative to the UN, New York
albania;Ilir META;Pres.
albania;Edi RAMA;Prime Min.
albania;Senida MESI;Dep. Prime Min.
albania;Niko PELESHI;Min. of Agriculture & Rural Development
albania;Mirela KUMBARO;Min. of Culture
albania;Olta XHACKA;Min. of Defense
albania;Pandeli MAJKO;Min. of Diaspora
albania;Milva EKONOMI;Min. of Economy
albania;Lindita NIKOLLA;Min. of Education, Sports, & Youth
albania;Lefter KOKA;Min. of Environment
albania;Ditmir BUSHATI;Min. for Europe & Foreign Affairs
albania;Arben AHMETAJ;Min. of Finance & Economy
albania;Orgerta MANASTIRLIU;Min. of Health & Social Welfare
albania;Damian GJIKNURI;Min. of Infrastructure & Energy
albania;Milena HARITO;Min. of Innovation & Public Admin.
albania;Klajda GJOSHA;Min. of Integration
albania;Fatmir XHAFAJ;Min. of Interior
albania;Etilda GJONAJT;Min. of Justice
albania;Bled CUCI;Min. of Local Govt. Affairs
albania;Sonila QATO;Min. of Protection of Entrepreneurs
albania;Ermonela FELAJ;Min. of Relations With Parliament
albania;Blendi KLOSI;Min. of Tourism & Environment
albania;Edmond HAXHINASTO;Min. of Transport & Infrastructure
albania;Eglantina GJERMENI;Min. of Urban Development
albania;Blendi KLOSI;Min. of Youth & Social Welfare
albania;Gent SEJKO;Governor, Bank of Albania
albania;Floreta FABER;Ambassador to the US
albania;Besiana KADARE;Permanent Representative to the UN, New York
algeria;Abdelmadjid TEBBOUNE;Pres.
algeria;Abdelaziz DJERAD;Prime Min.
algeria;Cherif OMARI;Min. of Agriculture & Rural Development
algeria;Kamel REZIG;Min. of Commerce
algeria;Ammar BELHIMER;Min. of Communication
algeria;Malika BENDOUDA;Min. of Culture
algeria;Mohamed ARKAB;Min. of Energy
algeria;Mohamed ARKAB;Min. of Environment & Renewable Energies
algeria;Abderrahmane RAOUIA;Min. of Finance
algeria;Sid Ahmed FERROUKHI;Min. of Fishing & Fishery
algeria;Sabri BOUKADOUM;Min. of Foreign Affairs & Intl. Cooperation
algeria;Abderrahmane BENBOUZID;Min. of Health, Population, & Hospital Reform
algeria;Chems-Eddine CHITOUR;Min. of Higher Education & Scientific Research
algeria;Kamel NASRI;Min. of Housing, Urban Planning, & the City
algeria;Ferhat Ait Ali BRAHAM;Min. of Industry & Mines
algeria;Kamel BELJOUD;Min. of Interior & Local Govts.
algeria;Belkacem ZEGHMATI;Min. of Justice & Keeper of the Seals
algeria;Ahmed Chawki Fouad Acheuk YOUCEF;Min. of Labor, Employment, & Social Security
algeria;Abdelmadjid TEBBOUNE;Min. of National Defense
algeria;Mohamed OUADJAOUT;Min. of National Education
algeria;Kaoutar KRIKOU;Min. of National Solidarity, Family, & Women’s Affairs
algeria;Farouk CHIALI;Min. of Public Works & Transport
algeria;Bessma AZOUAR;Min. of Relations With the Parliament
algeria;Youcef BELMEHDI;Min. of Religious Affairs & Endowments
algeria;Hacene MERMOURI;Min. of Tourism & Handicrafts
algeria;Hoyam BENFRIHA;Min. of Vocational Training & Education Professionals
algeria;Tayeb ZITOUNI;Min. of War Veterans (Moudjahidine)
algeria;Arezki BERRAKI;Min. of Water Resources
algeria;Sid Ali KHALDI;Min. of Youth & Sports
algeria;Said CHENGRIHA;Chief of Staff, People’s National Army
algeria;Yahia BOUKHARI;Sec. Gen. of the Govt.
algeria;Benabderrahmane AYMANE;Governor, Central Bank
algeria;Madjid BOUGUERRA;Ambassador to the US
algeria;Sofiane MIMOUMI;Permanent Representative to the UN, New York
andorra;Emmanuel MACRON;Head of State (Co-Prince)
andorra;Joan-Enric VIVES i SICILIA, Bishop;Head of State (Co-Prince)
andorra;Antoni MARTI Petit;Head of Govt.
andorra;Eva DESCARREGA Garcia;Min. of Civil Service & Admin. Reform
andorra;Olga GELABERT FABREGA;Min. of Culture, Youth, & Sports
andorra;Eric JOVER COMAS;Min. of Education & Higher Education
andorra;Silvia CALVO ARMENGOL;Min. of Environment, Agriculture, & Sustainability
andorra;Jordi CINCA Mateos;Min. of Finance
andorra;Gilbert SABOYA Sunye;Min. of Foreign Affairs
andorra;Carles ALVAREZ MARFANY;Min. of Health
andorra;Xavier ESPOT Zamora;Min. of Social Affairs, Justice, & Interior
andorra;Jordi TORRES FALCO;Min. of Territorial Planning
andorra;Francesc CAMP Torres;Min. of Tourism & Commerce
andorra;Elisenda VIVES BALMANA;Ambassador to the US
andorra;Elisenda VIVES BALMANA;Permanent Representative to the UN, New York
angola;Joao Manuel Goncalves LOURENCO;Pres.
angola;Bornito De Sousa Baltazar DIOGO;Vice Pres.
angola;Antonio Francisco de ASSIS;Min. of Agriculture & Fisheries
angola;Victor Francisco dos Santos FERNANDES;Min. of Commerce
angola;Adjany COSTA;Min. of Culture, Tourism, & Environment
angola;Ana Paula ELIAS;Min. of Education
angola;Joao Baptista BORGES;Min. of Energy & Water
angola;Tete ANTONIO;Min. of External Relations
angola;Victoria Francisco Correia CONCEICAO;Min. of Family & Women Promotion
angola;Vera DAVES;Min. of Finance
angola;Silvia Paula Valentim LUTUCUTA;Min. of Health
angola;Maria Do Rosario Braganca SAMBO;Min. of Higher Education
angola;Victor Francisco dos Santos FERNANDES;Min. of Industry & Trade
angola;Eugenio Cesar LABORINHO;Min. of Interior
angola;Francisco Manuel Monteiro DE QUEIROZ;Min. of Justice & Human Rights
angola;Diamantino Pedro AZEVEDO;Min. of Mineral Resources and Petroleum
angola;N/A;Min. of National Defense & Veterans Affairs
angola;Rosa Luis de Sousa MICOLO;Min. of Parliamentary Affairs
angola;Antonio Rodrigues Afonso PAULO;Min. of Public Admin., Employment, & Social Security
angola;Manuel Tavares DE ALMEIDA;Min. of Public Works & Planning
angola;Maria Candida TEIXEIRA;Min. of Science & Technology
angola;Nuno dos Anjos Caldas ALBINO;Min. of Social Communication
angola;Marcy LOPES;Min. of Territorial Admin.
angola;Ricardo Daniel Sandao Viegas de ABREU;Min. of Transport
angola;Branca Manuel da Costa Neto do ESPIRITO SANTO;Min. of Urbanism & Housing
angola;Joao Baptista KUSSUMUA;Min. of Welfare & Social Reintegration
angola;Ana Paula Sacramento NETO;Min. of Youth & Sports
angola;Frederico Manuel Dos Santos e Silva CARDOSO;Min. in the Office of the Presidency, Civil Affairs
angola;Manuel Jose Nunes JUNIOR;Min. of State for Economic and Social Development
angola;Adao de ALMEIDA;Sec. of the Council of Ministers
angola;Jose de Lima MASSANO;Governor, National Bank of Angola
angola;Helder Fernando Pitta GROS;Attorney Gen.
angola;Joaquim do ESPIRITO SANTO;Ambassador to the US
angola;Maria de Jesus dos Reis FERREIRA;Permanent Representative to the UN, New York
antigua-and-barbuda;Rodney WILLIAMS;Governor Gen.
antigua-and-barbuda;Gaston BROWNE;Prime Min.
antigua-and-barbuda;Lester BIRD;Senior Min.
antigua-and-barbuda;Dean JONAS;Min. of Agriculture, Fisheries, & Barbuda Affairs
antigua-and-barbuda;Michael BROWNE;Min. of Education, Science, & Technology
antigua-and-barbuda;Gaston BROWNE;Min. of Finance & Corporate Governance
antigua-and-barbuda;Paul GREENE;Min. of Foreign Affairs, Immigration, & Intl. Trade
antigua-and-barbuda;Molwyn JOSEPH;Min. of Health, Wellness, & the Environment
antigua-and-barbuda;Maria BROWNE;Min. of Housing, Lands, & Urban Renewal
antigua-and-barbuda;Steadroy BENJAMIN;Min. of Legal Affairs, Public Safety, & Labor
antigua-and-barbuda;Robin YEARWOOD;Min. of Public Utilities, Civil Aviation, & Energy
antigua-and-barbuda;Charles FERNANDEZ;Min. of Tourism & Economic Development
antigua-and-barbuda;Lennox WESTON;Min. of Works
antigua-and-barbuda;Steadroy BENJAMIN;Attorney Gen.
antigua-and-barbuda;Ronald SANDERS;Ambassador to the US
antigua-and-barbuda;Walton Alfonso WEBSON;Permanent Representative to the UN, New York
argentina;Alberto FERNANDEZ;Pres.
argentina;Cristina FERNANDEZ DE KIRCHNER;Vice Pres.
argentina;Santiago CAFIERO;Chief of Cabinet
argentina;Luis BASTERRA;Min. of Agriculture, Livestock, & Fishing
argentina;Tristan BAUER;Min. of Culture
argentina;Agustin ROSSI;Min. of Defense
argentina;Martin GUZMAN;Min. of Economy
argentina;Nicolas TROTTA;Min. of Education
argentina;Juan CABANDIE;Min. of Environment & Sustainable Development
argentina;Felipe SOLA;Min. of Foreign Relations & Worship
argentina;Gines GONZALEZ GARCIA;Min. of Health
argentina;Eduardo DE PEDRO;Min. of the Interior
argentina;Marcela LOSARDO;Min. of Justice & Human Rights
argentina;Claudio MORONI;Min. of Labor
argentina;Matias KULFAS;Min. of Productive Development
argentina;Gabriel KATOPODIS;Min. of Public Works & Infrastructure
argentina;Roberto SALVAREZZA;Min. of Science & Technology
argentina;Sabina FREDERIC;Min. of Security
argentina;Daniel ARROYO;Min. of Social Development
argentina;Maria Eugenia BIELSA;Min. of Territorial Development & Housing
argentina;Mario MEONI;Min. of Transportation
argentina;Matias LAMMENS;Min. of Tourism & Sport
argentina;Elizabeth GOMEZ ALCORTA;Min. for Women, Gender, & Diversity
argentina;Miguel Angel PESCE;Pres., Central Bank
argentina;Fernando ORIS DE ROA;Ambassador to the US
argentina;Martin GARCIA MORITAN;Permanent Representative to the UN, New York
armenia;Armen SARGSYAN;Pres.
armenia;Nikol PASHINYAN;Prime Min.
armenia;Tigran AVINYAN;Dep. Prime Min.
armenia;Mher GRIGORYAN;Dep. Prime Min.
armenia;Eduard AGHAJANYAN;President’s Chief of Staff
armenia;Davit TONOYAN;Min. of Defense
armenia;Tigran KHACHATRYAN;Min. of Economy
armenia;Arayik HARUTYUNYAN;Min. of Education, Science, Culture, & Sport
armenia;Feliks TSOLAKYAN;Min. of Emergency Situations
armenia;Romanos PETROSYAN;Min. of Environment
armenia;Atom JANJUGHAZYAN;Min. of Finance
armenia;Zohrab MNATSAKANYAN;Min. of Foreign Affairs
armenia;Arsen TOROSYAN;Min. of Health
armenia;Hakob ARSHAKYAN;Min. of High-Tech Industries
armenia;Rustam BADASYAN;Min. of Justice
armenia;Zaruhi BATOYAN;Min. of Labor & Social Affairs
armenia;Suren PAPIKYAN;Min. of Territorial Admin. & Infrastructure
armenia;Artur JAVADYAN;Chmn., Central Bank of Armenia
armenia;Varuzhan NERSESSYAN;Ambassador to the US
armenia;Mher MARGARYAN;Permanent Representative to the UN, New York
aruba;Fredis REFUNJOL;Governor
aruba;Michiel Godfried EMAN;Prime Min.
aruba;Michelle HOOYBOER-WINKLAAR;Min. of Culture
aruba;Mike DE MEZA;Min. of Finance & Economic Affairs
aruba;Benny SEVINGER;Min. of Infrastructure
aruba;Arthur DOWERS;Min. of Justice & Education
aruba;Richard VISSER;Min. of Public Health & Sport
aruba;Otmar ODUBER;Min. of Tourism, Transportation, & Labor
aruba;Taco STEIN;Attorney Gen.
aruba;J.R. SEMELEER;Pres., Central Bank
australia;David John HURLEY, Gen (Ret.);Governor Gen.
australia;Scott MORRISON;Prime Min.
australia;Michael MCCORMACK;Dep. Prime Min.
australia;Richard COLBECK;Min. for Aged Care & Senior Australians
australia;David LITTLEPROUD;Min. for Agriculture
australia;Paul FLETCHER;Min. for Communications, Cyber Safety, & the Arts
australia;Linda REYNOLDS;Min. for Defense
australia;Melissa PRICE;Min. for Defense Industry
australia;Dan TEHAN;Min. for Education
australia;Michaelia CASH;Min. for Employment, Skills, & Small & Family Business
australia;Angus TAYLOR;Min. for Energy & Emissions Reduction
australia;Sussan LEY;Min. for the Environment
australia;Anne RUSTON;Min. for Families & Social Services
australia;Mathias Hubert Paul CORMANN;Min. for Finance
australia;Marise PAYNE;Min. for Foreign Affairs
australia;Stuart ROBERT;Min. for Govt. Services
australia;Gregory Andrew HUNT;Min. for Health
australia;Peter Craig DUTTON;Min. for Home Affairs
australia;Michael SUKKAR;Min. for Housing
australia;Ken WYATT;Min. for Indigenous Australians
australia;Christian PORTER;Min. for Industrial Relations
australia;Karen ANDREWS;Min. for Industry, Science, & Technology
australia;Alex HAWKE;Min. for Intl. Development & the Pacific
australia;Stuart ROBERT;Min. for the National Disability Insurance Scheme
australia;Alan TUDGE;Min. for Population, Cities, & Urban Infrastructure
australia;Scott MORRISON;Min. for Public Service
australia;Keith PITT;Min. for Resources & Northern Australia
australia;Simon BIRMINGHAM;Min. for Trade, Tourism, & Investment
australia;Darren CHESTER;Min. for Veterans & Defense Personnel
australia;Keith PITT;Min. for Water Resources
australia;Marise PAYNE;Min. for Women
australia;Richard COLBECK;Min. for Youth & Sport
australia;Josh FRYDENBERG;Treasurer
australia;Christian PORTER;Attorney Gen.
australia;Philip LOWE;Governor, Reserve Bank of Australia
australia;Arthur SINODINOS;Ambassador to the US
australia;Mitchell Peter FIFIELD;Permanent Representative to the UN, New York
austria;Alexander VAN DER BELLEN;Pres.
austria;Sebastian KURZ;Chancellor
austria;Werner KOGLER;Vice Chancellor
austria;Elisabeth KOESTINGER;Min. for Agriculture, Regions, & Tourism
austria;Werner KOGLER;Min. for Arts, Culture, the Civil Service, & Sport
austria;Klaudia TANNER;Min. for Defense
austria;Margarete SCHRAMBOECK;Min. for Digital and Economic Affairs
austria;Heinz FASSMANN;Min. for Education, Science, & Research
austria;Alexander SCHALLENBERG;Min. for European & International Affairs
austria;Gernot BLUEMEL;Min. for Finance
austria;Karl NEHAMMER;Min. for the Interior
austria;Alma ZADIC;Min. for Justice
austria;Christine ASCHBACHER;Min. for Labor, Family, & Youth
austria;Robert HOLZMANN;Governor, Austrian National Bank
austria;Martin WEISS;Ambassador to the US
austria;Jan KICKERT;Permanent Representative to the UN, New York
azerbaijan;Ilham ALIYEV;Pres.
azerbaijan;Mehriban ALIYEVA;First Vice Pres.
azerbaijan;Ali ASADOV;Prime Min.
azerbaijan;Yaqub EYYUBOV;First Dep. Prime Min.
azerbaijan;Ali AKHMEDOV;Dep. Prime Min.
azerbaijan;Shahin MUSTAFAYEV;Dep. Prime Min.
azerbaijan;Inam KARIMOV;Min. of Agriculture
azerbaijan;N/A;Min. of Culture & Tourism
azerbaijan;Zakir HASANOV, Col. Gen.;Min. of Defense
azerbaijan;Madat GULIYEV, Col. Gen.;Min. of Defense Industry
azerbaijan;Mukhtar BABAYEV;Min. of Ecology & Natural Resources
azerbaijan;Mikayil JABBAROV;Min. of Economy
azerbaijan;Emin AMRULLAYEV;Min. of Education
azerbaijan;Kamaladdin HEYDAROV;Min. of Emergency Situations
azerbaijan;Parviz SHAHBAZOV;Min. of Energy
azerbaijan;Samir SHARIFOV;Min. of Finance
azerbaijan;Jeyhun BAYRAMOV;Min. of Foreign Affairs
azerbaijan;Oqtay SHIRALIYEV;Min. of Health
azerbaijan;Vilayat EYVAZOV, Lt. Gen.;Min. of Internal Affairs
azerbaijan;Fikret MAMEDOV;Min. of Justice
azerbaijan;Sahil BABAYEV;Min. of Labor & Social Protection of the Population
azerbaijan;Azad RAHIMOV;Min. of Sports & Youth
azerbaijan;Ramin GULUZADE;Min. of Transport, Communications, & High Technologies
azerbaijan;Elman RUSTAMOV;Chmn., National Bank
azerbaijan;Elin SULEYMANOV;Ambassador to the US
azerbaijan;Yashar ALIYEV;Permanent Representative to the UN, New York
bahamas-the;Hubert MINNIS;Prime Min.
bahamas-the;Peter TURNQUEST;Dep. Prime Min.
bahamas-the;Renward WELLS;Min. of Agriculture & Marine Resources
bahamas-the;Jeffrey LLOYD;Min. of Education
bahamas-the;Romauld FERREIRA;Min. of the Environment & Housing
bahamas-the;Peter TURNQUEST;Min. of Finance
bahamas-the;Darren HENFIELD;Min. of Foreign Affairs
bahamas-the;Renward WELLS;Min. of Health
bahamas-the;Dion FOULKES;Min. of Labor
bahamas-the;Marvin DAMES;Min. of National Security
bahamas-the;Brensil ROLLE;Min. of Public Service & National Insurance
bahamas-the;Lanisha ROLLE;Min. of Social Services & Urban Development
bahamas-the;Dionisio D’AGUILAR;Min. of Tourism, Aviation, & Bahamasair
bahamas-the;Dion FOULKES;Min. of Transport & Local Govt.
bahamas-the;Desmond BANNISTER;Min. of Works
bahamas-the;Michael PINTARD;Min. of Youth, Sports, & Culture
bahamas-the;James Kwasi THOMPSON;Min. of State for Grand Bahama
bahamas-the;Wendy CRAIGG;Governor, Central Bank
bahamas-the;Sidney Stanley COLLIE;Ambassador to the US
bahamas-the;Sheila CAREY;Permanent Representative to the UN, New York
bahrain;HAMAD bin Isa Al Khalifa;King
bahrain;KHALIFA bin Salman Al Khalifa;Prime Min.
bahrain;SALMAN bin Hamad Al Khalifa;First Dep. Prime Min.
bahrain;ALI bin Khalifa bin Salman Al Khalifa;Dep. Prime Min.
bahrain;Jawad bin Salim al-ARAIDH;Dep. Prime Min.
bahrain;KHALID bin Abdallah Al Khalifa;Dep. Prime Min.
bahrain;MUHAMMAD bin Mubarak Al Khalifa;Dep. Prime Min.
bahrain;Muhammad bin Ibrahim al-MUTAWA;Min. of Cabinet
bahrain;Abdullah al-NUAYMI;Min. for Defense Affairs
bahrain;Majid bin Ali Hasan al-NUAYMI;Min. of Education
bahrain;Wael bin Nasir al-MUBARAK;Min. of Electricity & Water Affairs
bahrain;SALMAN BIN KHALIFA bin Salman Al Khalifa;Min. of Finance & National Economy
bahrain;Abd al-Latif bin Rashid al-ZAYANI;Min. of Foreign Affairs
bahrain;FAYQA bint Said al-Salih, Dr.;Min. of Health
bahrain;Basim bin Yacub al-HAMAR;Min. of Housing
bahrain;Zayid bin Rashid al-ZAYANI;Min. of Industry, Commerce, & Tourism
bahrain;Ali bin Muhammad al-RUMAYHI;Min. for Information Affairs
bahrain;RASHID bin Abdallah bin Ahmad Al Khalifa, Lt. Gen.;Min. of Interior
bahrain;KHALID bin Ali Al Khalifa;Min. of Justice, Islamic Affairs, & Endowment
bahrain;Jamil Muhammad Ali HUMAYDAN;Min. of Labor & Social Development
bahrain;MUHAMMAD BIN KHALIFA Al Khalifa;Min. of Oil
bahrain;KAMAL bin Ahmad Muhammad;Min. of Transportation & Telecommunication
bahrain;ISSAM bin Abdallah Khalaf;Min. of Works, Municipal Affairs, & Urban Planning
bahrain;AYMIN Tawfiq al-Muayid;Min. of Youth & Sports Affairs
bahrain;Rashid bin Muhammad al-MARAJ;Governor, Central Bank of Bahrain
bahrain;Abdulla bin Rashid AL KHALIFA;Ambassador to the US
bahrain;Jamal Faris al-RUWAYI;Permanent Representative to the UN, New York
bangladesh;Abdul HAMID;Pres.
bangladesh;Sheikh HASINA;Prime Min.
bangladesh;Matia CHOWDHURY;Min. of Agriculture
bangladesh;Rashed Khan MENON;Min. of Civil Aviation & Tourism
bangladesh;Tofail AHMED;Min. of Commerce
bangladesh;Asaduzzaman NOOR;Min. of Cultural Affairs
bangladesh;Sheikh HASINA;Min. of Defense
bangladesh;Mofazzal Hossain Chowdhury MAYA;Min. of Disaster Management & Relief
bangladesh;Nurul Islam NAHID;Min. of Education
bangladesh;Anwar Hossain MONJU;Min. of Environment & Forest
bangladesh;Nurul ISLAM;Min. of Expatriates’ Welfare & Overseas Employment
bangladesh;Abu Maal Abdul MUHITH;Min. of Finance
bangladesh;Sayedul HAQUE;Min. of Fisheries & Livestock
bangladesh;Qamrul ISLAM;Min. of Food
bangladesh;A. H. Mahmood ALI;Min. of Foreign Affairs
bangladesh;Mohammad NASIM;Min. of Health & Family Planning
bangladesh;Asaduzzaman Khan KAMAL;Min. of Home Affairs
bangladesh;Mosharraf HOSSAIN;Min. of Housing & Public Works
bangladesh;Amir Hossain AMU;Min. of Industries
bangladesh;Hasanul Haq INU;Min. of Information
bangladesh;N/A;Min. of Information & Communication Technology
bangladesh;Mujibul Haque CHUNNU;Min. of Labor & Employment
bangladesh;Shamsur Rahman SHARIF;Min. of Land
bangladesh;Anisul HAQUE;Min. of Law
bangladesh;AKM Mojammel HAQUE;Min of Liberation War
bangladesh;Khandker Mosharraf HOSSAIN;Min. of Local Govt., Rural Development, & Cooperatives
bangladesh;AHM Mostafa KAMAL;Min. of Planning
bangladesh;N/A;Min. of Posts & Telecommunications
bangladesh;Sheikh HASINA;Min. of Power, Energy, & Mineral Resources
bangladesh;Mustafizur Rahman FIZAR;Min. of Primary & Mass Education
bangladesh;Syed Ashraful ISLAM;Min. of Public Admin.
bangladesh;Mujibul HUQ;Min. of Railways
bangladesh;Motiur RAHMAN;Min. of Religious Affairs
bangladesh;Obaidul QUADER;Min. of Road Transport & Bridges
bangladesh;Moshiur Rahman RANGA;Min. of Rural Development & Cooperatives
bangladesh;Yeafesh OSMAN;Min. of Science & Technology
bangladesh;Shahjahan KHAN;Min. of Shipping
bangladesh;Syed Mohsin ALI;Min. of Social Welfare
bangladesh;Emajuddin PRAMANIK;Min. of Textiles & Jute
bangladesh;Anisul Islam MAHMUD;Min. of Water Resources
bangladesh;Atiur RAHMAN;Governor, Bangladesh Bank
bangladesh;Mohammad ZIAUDDIN;Ambassador to the US
bangladesh;Rabab FATIMA;Permanent Representative to the UN, New York
barbados;Sandra MASON;Governor Gen.
barbados;Mia MOTTLEY;Prime Min.
barbados;Indar WEIR;Min. of Agriculture & Food Security
barbados;John KING;Min. of the Creative Economy, Culture, & Sports
barbados;Wilfred ABRAHAMS;Min. of Energy & Water Resources
barbados;Trevor PRESCOD;Min. of Environment & National Beautification
barbados;Mia MOTTLEY;Min. of Finance, Economic Affairs, & Investment
barbados;Jerome WALCOTT, Dr.;Min. of Foreign Affairs & Foreign Trade
barbados;Jeffrey BOSTIC;Min. of Health & Wellness
barbados;Edmund HINKSON;Min. of Home Affairs
barbados;George PAYNE;Min. of Housing, Lands, & Rural Development
barbados;Lucille MOE;Min. of Information, Broadcasting, & Public Affairs
barbados;Kay MCCONNEY;Min. of Innovation, Science, & Smart Technology
barbados;Ronald TOPPIN;Min. of Intl. Business & Industry
barbados;Colin JORDAN;Min. of Labor & Social Partnership Relations
barbados;Dale MARSHALL;Min. of Legal Affairs
barbados;Kirk HUMPHREY;Min. of Maritime Affairs & the Blue Economy
barbados;Cynthia FORDE;Min. of People Empowerment & Elder Affairs
barbados;Dwight SUTHERLAND;Min. of Small Business, Entrepreneurship, & Commerce
barbados;Kerrie SYMMONDS;Min. of Tourism & Intl. Transport
barbados;William DUGUID, Dr.;Min. of Transport, Works, & Maintenance
barbados;Adrian FORDE;Min. of Youth & Community Empowerment
barbados;Dale MARSHALL;Attorney Gen.
barbados;DeLisle WORRELL;Governor, Central Bank
barbados;Selwin Charles HART;Ambassador to the US
barbados;Keith Hamilton Llewellyn MARSHALL;Permanent Representative to the UN, New York
belarus;Aleksandr LUKASHENKO;Pres.
belarus;Sergey RUMAS;Prime Min.
belarus;Dmitriy KRUTOY;First Dep. Prime Min.
belarus;Vladimir KUKHAREV;Dep. Prime Min.
belarus;Yuriy NAZAROV;Dep. Prime Min.
belarus;Igor PETRISHENKO;Dep. Prime Min.
belarus;Vladimir DVORNIK;Dep. Prime Min.
belarus;Anatoliy KHOTKO;Min. of Agriculture & Food
belarus;Vladimir KOLTOVICH;Min. of Antimonopoly Regulation & Trade
belarus;Dmitry MIKULENOK;Min. of Architecture & Construction
belarus;Konstantin SHULGAN;Min. of Communications & Informatization
belarus;Yuriy BONDAR;Min. of Culture
belarus;Viktor KHRENIN;Min. of Defense
belarus;Aleksandr CHERVYAKOV;Min. of Economy
belarus;Igor KARPENKO;Min. of Education
belarus;Vladimir VASHCHENKO;Min. of Emergency Situations
belarus;Viktor KARANKEVICH;Min. of Energy
belarus;Maksim YERMOLOVICH;Min. of Finance
belarus;Vladimir MAKEY;Min. of Foreign Affairs
belarus;Vitaliy DROZHZHA;Min. of Forestry
belarus;Aleksandr TEREKHOV;Min. of Housing & Municipal Services
belarus;Pavel UTYPIN;Min. of Industry
belarus;Aleksandr KARLYUKEVICH;Min. of Information
belarus;Yuriy KARAYEV;Min. of Internal Affairs
belarus;Oleg SLIZHEVSKIY;Min. of Justice
belarus;Irina A. KOSTEVICH;Min. of Labor & Social Protection
belarus;Andrey KHUDYK;Min. of Natural Resources & Environmental Protection
belarus;Vladimir KARANIK;Min. of Public Health
belarus;Sergey KOVALCHUK;Min. of Sports & Tourism
belarus;Sergey NALYVAYKO;Min. of Tax Collection
belarus;Aleksey AVRAMENKO;Min. of Transport & Communication
belarus;Igor SERGEYENKO;Chief, Presidential Admin.
belarus;Valeriy VAKULCHIK;Chmn., Ctte. for State Security (BKGB)
belarus;Pavel KALLAUR;Chmn., National Bank
belarus;Anatoliy LAPPO;Chmn., State Border Ctte.
belarus;Aleksandr KONYUK;Prosecutor Gen.
belarus;;Ambassador to the US
belarus;Valentin RYBAKOV;Permanent Representative to the UN, New York
belgium;PHILIPPE;King
belgium;Charles Yvon MICHEL;Prime Min.
belgium;Alexander DE CROO;Dep. Prime Min.
belgium;Jan JAMBON;Dep. Prime Min.
belgium;Kris PEETERS;Dep. Prime Min.
belgium;Didier REYNDERS;Dep. Prime Min.
belgium;Sophie WILMES;Min. of Budget
belgium;Didier REYNDERS;Min. of Defense & Civil Service
belgium;Alexander DE CROO;Min. of Development Cooperation
belgium;Kris PEETERS;Min. of Employment, Economy, & Consumer Affairs
belgium;Marie-Christine MARGHEM;Min. of Energy, Environment, & Sustainable Development
belgium;Alexander DE CROO;Min. of Finance
belgium;Philippe GOFFIN;Min. of Foreign & European Affairs
belgium;Koen GEENS;Min. of Justice
belgium;Daniel BACQUELAINE;Min. of Pensions
belgium;Pieter DE CREM;Min. of Security & Interior
belgium;Maggie DE BLOCK;Min. of Social Affairs & Public Health
belgium;Francois BELLOT;Min. of Transportation
belgium;Jan SMETS;Governor, National Bank of Belgium
belgium;Dirk WOUTERS;Ambassador to the US
belgium;Marc Pecsteen DE BUYTSWERVE;Permanent Representative to the UN, New York
belize;Colville Nobert YOUNG, Sir;Governor Gen.
belize;Dean Oliver BARROW;Prime Min.
belize;Hugo PATT;Dep. Prime Min.
belize;Godwin HULSE;Min. of Agriculture & Immigration
belize;Dean Oliver BARROW;Min. of Finance
belize;Wilfred Peter ELRINGTON;Min. of Foreign Affairs
belize;Pablo MARIN;Min. of Health
belize;Michael FINNEGAN;Min. of Housing & Urban Development
belize;Dean Oliver BARROW;Min. of Labor, Local Govt., & Rural Development
belize;Michael PEYREFITTE;Min. of National Security
belize;Hugo PATT;Min. of Natural Resources
belize;Frank MENA;Min. of Public Service, Energy, & Public Utilities
belize;Jose Manuel HEREDIA, Jr.;Min. of Tourism & Civil Aviation
belize;Edmond CASTRO;Min. of Transport & National Emergencies
belize;Rene MONTERO;Min. of Works
belize;Michael PEYREFITTE;Attorney Gen.
belize;A. Joy GRANT;Governor, Central Bank
belize;Daniel GUTIERREZ;Ambassador to the US
belize;Lois M. YOUNG;Permanent Representative to the UN, New York
benin;Patrice TALON;Pres.
benin;Delphin KOUZANDE;Min. of Agriculture, Livestock, & Fisheries
benin;Barnabe DASSIGLI;Min. of Decentralization & Local Governance
benin;Romauld WADAGNI;Min. of Economy & Finance
benin;Jose Didier TONATO;Min. of Environment & Sustainable Development
benin;Aurelien AGBENONCI;Min. of Foreign Affairs & Cooperation
benin;Alassane SEIDOU;Min. of Health
benin;Marie-Odile ATTANASSO;Min. of Higher Education & Scientific Research
benin;Serges AHISSOU;Min. of Industry & Commerce
benin;Cyr KOTY;Min. of Infrastructure & Transportation
benin;Sacca LAFIA;Min. of Interior & Public Security
benin;Joseph DJOGBENOU;Min. of Justice & Legislation & Keeper of the Seals
benin;Adidjatou MATHYS;Min. of Labor, Civil Service, & Social Affairs
benin;Mahougnon KAKPO;Min. of Primary Education
benin;Modeste KEREKOU;Min. of Small & Medium Enterprises & Employment
benin;Oswald HOMEKY;Min. of Sports
benin;Pascal Irenee KOUPAKI;Min. of State & Sec. Gen. of the Presidency
benin;Abdoulaye Bio TCHANE;Min. of State Charged With Planning & Development
benin;Rafiatou MONROU;Min. of Telecommunications
benin;Ange NKOUE;Min. of Tourism & Culture
benin;Samou Seidou ADAMBI;Min. of Water & Mines
benin;Hector POSSET;Ambassador to the US
benin;Jean-Claude Felix do REGO;Permanent Representative to the UN, New York
bermuda;George FERGUSSON;Governor
bermuda;Craig CANNONIER;Premier
bermuda;Wayne SCOTT;Min. of Community & Cultural Development
bermuda;Grant GIBBONS;Min. of Economic Development
bermuda;Nalton BRANGMAN;Min. of Education
bermuda;Sylvan RICHARDS;Min. of Environment & Planning
bermuda;Everard Trenton RICHARDS;Min. of Finance
bermuda;Patricia GORDON-PAMPLIN;Min. of Health & Seniors
bermuda;Michael FAHY;Min. of Home Affairs
bermuda;Mark PETTINGILL;Min. of Legal Affairs
bermuda;Michael DUNKLEY;Min. of Public Safety
bermuda;Trevor MONIZ;Min. of Public Works
bermuda;Shawn CROCKWELL;Min. of Tourism, Development, & Transport
bermuda;Leah SCOTT;Min. Without Portfolio
bermuda;Mark PETTINGILL;Attorney Gen.
bhutan;Jigme Khesar Namgyel WANGCHUCK;King
bhutan;Lotay TSHERING;Prime Min.
bhutan;Yeshey PENJOR;Min. of Agriculture & Forests
bhutan;Loknath SHARMA;Min. of Economic Affairs
bhutan;Jai Bir RAI;Min. of Education
bhutan;Namgay TSHERING;Min. of Finance
bhutan;Tandi DORJI;Min. of Foreign Affairs
bhutan;Dechen WANGMO;Min. of Health
bhutan;Dasho Sherub GYELTSHEN;Min. of Home & Cultural Affairs
bhutan;Karma Donnen WANGDI;Min. of Information & Communications
bhutan;Ugyen DORJI;Min. of Labor & Human Resources
bhutan;Dorji TSHERING;Min. of Works & Human Settlements
bhutan;Dasho PENJORE;Governor, Royal Monetary Authority
bhutan;Doma TSHERING;Permanent Representative to the UN, New York
bolivia;Jeanine ANEZ Chavez (Interim);Pres.
bolivia;N/A;Vice Pres.
bolivia;Isabel FERNANDEZ;Min. of Communication
bolivia;Martha YUJRA Apaza;Min. of Culture & Tourism
bolivia;Fernando LOPEZ Julio;Min. of Defense
bolivia;Jose Luis PARADA;Min. of the Economy & Public Finances
bolivia;Victor Hugo CARDENAS;Min. of Education
bolivia;Alvaro Rodrigo GUZMAN;Min. of Energy
bolivia;Maria Elva PINCKERT;Min. of the Environment & Water
bolivia;Karen LONGARIC Rodriguez;Min. of Foreign Relations
bolivia;Arturo Carlos MURILLO Prijic;Min. of Govt.
bolivia;Anibal CRUZ Senzano;Min. of Health
bolivia;Victor Hugo ZAMORA;Min. of Hydrocarbons
bolivia;Alvaro COIMBRA Cornejo;Min. of Justice & Institutional Transparency
bolivia;Oscar MERCADO;Min. of Labor, Employment, & Social Security
bolivia;Carlos Fernando HUALLPA Aunagua;Min. of Mining & Metals
bolivia;Carlos MELCHOR Diaz;Min. of Planning & Development
bolivia;Yerko NUNEZ;Min. of the Presidency
bolivia;Wilfredo ROJO Parada;Min. of Productive Development & Pluralist Economics
bolivia;Ivan ARIAS;Min. of Public Works, Services, & Housing
bolivia;Eliane CAPOBIANCO;Min. of Rural Development & Lands
bolivia;Milton NAVARRO Mamani;Min. of Sport
bolivia;Pablo MENACHO Diederich;Head, Legal Defense of the State
bolivia;Pablo RAMOS Sanchez;Pres., Central Bank
bolivia;Walter Oscar SERRATE Cuellar;Charge d’Affaires, Embassy, Washington
bolivia;Ruben Dario CUELLAR Suarez;Permanent Representative to the UN, New York
botswana;Mokgweetsi Eric MASISI;Pres.
botswana;Slumber TSOGWANE;Vice Pres.
botswana;Edwin DIKOLOTI;Min. of Agricultural Development & Food Security
botswana;Fedelis MOLAO;Min. of Basic Education
botswana;Kagiso MMUSI;Min. of Defense, Justice, & Security
botswana;Thapelo MATSHEKA;Min. of Finance & Economic Development
botswana;Lemogang KWAPE;Min. of Health & Wellness
botswana;Mmusi KGAFELA;Min. of Infrastructure & Housing Development
botswana;Unity DOW;Min. of Intl. Affairs & Cooperation
botswana;Peggy SERAME;Min. of Investment, Trade, & Industry
botswana;Kefentse MZWINILA;Min. of Land Management, Water, & Sanitation Services
botswana;Eric MOLALE;Min. of Local Govt. & Rural Development
botswana;Anna MOKGETHI;Min. of Nationality, Immigration, & Gender Affairs
botswana;Thulaganyo SEGOKGO;Min. of Transport & Communications
botswana;Abraham KETSHABE;Attorney Gen.
botswana;Linah MOHOHLO;Governor, Bank of Botswana
botswana;David John NEWMAN;Ambassador to the US
botswana;Collen Vixen KELAPILE;Permanent Representative to the UN, New York
brazil;Jair Messias BOLSONARO;Pres.
brazil;Hamilton MOURAO;Vice Pres.
brazil;Walter Souza BRAGA Netta, Gen.;Chief of the Civilian Household of the Presidency
brazil;Tereza CRISTINA;Min. of Agriculture
brazil;Osmar TERRA;Min. of Citizenship & Social Action
brazil;Fernando AZEVEDO E SILVA;Min. of Defense
brazil;Paulo GUEDES;Min. of Economy
brazil;Abraham Braganca WEINTRAUB;Min. of Education
brazil;Ricardo de Aquino SALLES;Min. of the Environment
brazil;Ernesto ARAUJO;Min. of Foreign Relations
brazil;Luiz Henrique MANDETTA;Min. of Health
brazil;Tarcisio GOMES DE FREITAS;Min. of Infrastructure
brazil;Augusto HELENO Ribeiro Pereira;Min. Institutional Security Cabinet
brazil;Sergio MORO;Min. of Justice & Public Security
brazil;Bento Costa LIMA LEITE de Alburquerque, Jr.;Min. of Mines & Energy
brazil;Gustavo Henrique RIGODANZO CANUTO;Min. of Regional Development
brazil;Marcelo ALVARO Antonio;Min. of Tourism
brazil;Damares ALVES;Min. of Women, Family, & Human Rights
brazil;Luiz Eduardo RAMOS Baptista Pereira;Sec. of Govt.
brazil;Andre Luiz DE ALMEIDA MENDONCA;Attorney General of the Union
brazil;Roberto CAMPOS NETO;Pres., Central Bank
brazil;Nestor FORSTER (Acting);Ambassador to the US
brazil;Mauro Luiz Iecker VIEIRA;Permanent Representative to the UN, New York
brunei;HASSANAL Bolkiah, Sir;Sultan
brunei;HASSANAL Bolkiah, Sir;Prime Min.
brunei;Al-Muhtadee BILLAH, Crown Prince;Senior Min. in the Prime Min.’s Office
brunei;Laila Utama ISA bin Ibrahim;Special Adviser and Min. at the Prime Min.’s Office
brunei;Abdul MUTALIB bin Yusof;Min. of Communications
brunei;AMINUDDIN Ihsan Abidin;Min. of Culture, Youth, & Sports
brunei;HASSANAL Bolkiah, Sir;Min. of Defense
brunei;HALBI Mohammad Yussof;Min. of Defense II
brunei;SUHAIMI bin Gafar;Min. of Development
brunei;HAMZAH bin Sulaiman;Min. of Education
brunei;MAT SUNY bin Hussein;Min. of Energy at the Prime Min.’s Office
brunei;HASSANAL Bolkiah, Sir;Min. of Finance & Economy
brunei;AMIN Liew bin Abdullah;Min. of Finance & Economy II
brunei;HASSANAL Bolkiah, Sir;Min. of Foreign Affairs
brunei;ERYWAN Yusof;Min. of Foreign Affairs II
brunei;ISHAM bin Jaafar;Min. of Health
brunei;Awang ABU BAKAR bin Apong;Min. of Home Affairs
brunei;ALI bin Haji Apong;Min. of Primary Resources & Tourism
brunei;BADARUDDIN bin Othman;Min. of Religious Affairs
brunei;SERBINI Ali;Ambassador to the US
brunei;Abdul Ghafar ISMAIL;Permanent Representative to the UN, New York
bulgaria;Rumen RADEV;Pres.
bulgaria;Iliana IOTOVA;Vice Pres.
bulgaria;Boyko BORISOV;Prime Min.
bulgaria;Tomislav DONCHEV;Dep. Prime Min.
bulgaria;Ekaterina ZAHARIEVA;Dep. Prime Min. in Charge of the Judiciary & Reform
bulgaria;Desislava TANEVA;Min. of Agriculture, Food, & Forestry
bulgaria;Boil BANOV;Min. of Culture
bulgaria;Krasimir KARAKACHANOV;Min. of Defense
bulgaria;Lachezar BORISOV;Min. of Economy
bulgaria;Temenuzhka PETKOVA;Min. of Energy
bulgaria;Krasimir VALCHEV;Min. of Education & Science
bulgaria;Emil DIMITROV;Min. of Environment & Water
bulgaria;Kiril ANANIEV;Min. of Finance
bulgaria;Ekaterina ZAHARIEVA;Min. of Foreign Affairs
bulgaria;Kostadin ANGELOV;Min. of Health
bulgaria;Hristo TERZIYSKI;Min. of Interior
bulgaria;Danail KIRILOV;Min. of Justice
bulgaria;Denitsa SACHEVA;Min. of Labor & Social Policy
bulgaria;Petya AVRAMOVA;Min. of Regional Development & Public Works
bulgaria;Krasen KRALEV;Min. of Youth & Sports
bulgaria;Mariana NIKOLOVA;Min. of Tourism
bulgaria;Rossen ZHELYAZKOV;Min. of Transport, IT, & Communications
bulgaria;Dimitar RADEV;Gov., Bulgarian National Bank
bulgaria;Tihomir STOYTCHEV;Ambassador to the US
bulgaria;Georgi PANAYOTOV;Permanent Representative to the UN, New York
burkina-faso;Roch Marc Christian KABORE;Pres.
burkina-faso;Paul Kaba THIEBA;Prime Min.
burkina-faso;Paul Robert TIENDREBEOGO;Min. for African Integration & Burkinabe Expatriates
burkina-faso;Jacob OUEDRAOGO;Min. of Agriculture, Food Security, & Water Resources
burkina-faso;Sommanogo KOUTOU;Min. of Animal Resources & Fisheries
burkina-faso;Harouna KABORE;Min. of Commerce, Industry, & Handicraft
burkina-faso;Abdoul Karim SANGO;Min. of Culture, Arts, & Tourism
burkina-faso;Hadja Fatimata Ouattara SANON;Min. of Development of the Digital Economy & Post
burkina-faso;Hadizatou Rosine COULIBALY;Min. of Economy, Finance, & Development
burkina-faso;Bechir Ismael OUEDRAOGO;Min. of Energy
burkina-faso;Batio BASSIERE;Min. of Environment, Green Economy, & Climate Change
burkina-faso;Alpha BARRY;Min. of Foreign Affairs & Cooperation
burkina-faso;Nicolas MEDA;Min. of Health
burkina-faso;Maurice Dieudonne BONANE;Min. of Housing & Urban Development
burkina-faso;Eric W. BOUGOUMA;Min. of Infrastructure
burkina-faso;Oumarou IDANI;Min. of Mines & Quarries
burkina-faso;Jean-Claude BOUDA;Min. of National Defense & Veterans
burkina-faso;Stanislas OUARO;Min. of National Education & Literacy
burkina-faso;Seyni OUEDRAOGO;Min. of Public Service, Labor, & Social Security
burkina-faso;Clement SAWADOGO;Min. of Security
burkina-faso;Daouda AZOUPIOU;Min. of Sports & Recreation
burkina-faso;Simon COMPAORE;Min. of State at the Presidency
burkina-faso;Simeon SAWADOGO;Min. of Territorial Admin. & Decentralization
burkina-faso;Vincent DABILGOU;Min. of Transportation & Road Security
burkina-faso;Niougou Ambroise OUEDRAOGO;Min. of Water & Sanitation
burkina-faso;Helene Marie Laurence ILBOUDO;Min. of Women, National Solidarity, & Family
burkina-faso;Smaila OUEDRAOGO;Min. of Youth, Training, & Professional Integration
burkina-faso;Seydou KABORE;Ambassador to the US
burkina-faso;Yemdaogo Eric TIARE;Permanent Representative to the UN, New York
burma;WIN MYINT;Pres.
burma;AUNG SAN SUU KYI;State Counselor
burma;MYINT SWE;Vice Pres.
burma;HENRY VAN THIO;Vice Pres.
burma;AUNG THU, Dr.;Min. of Agriculture, Livestock Breeding, & Irrigation
burma;YE AUNG, Lt. Gen.;Min. of Border Affairs
burma;THAN MYINT, Dr.;Min. of Commerce
burma;HAN ZAW;Min. of Construction
burma;SEIN WIN, Lt. Gen.;Min. of Defense
burma;MYO THEIN GYI;Min. of Education
burma;WIN KHAING;Min. of Electric Power & Energy
burma;NAING THET LWIN;Min. of Ethnic Affairs
burma;AUNG SAN SUU KYI;Min. of Foreign Affairs
burma;MYINT HTWE;Min. of Health & Sports
burma;KYAW SWE, Lt. Gen.;Min. of Home Affairs
burma;OHN MAUNG;Min. of Hotels & Tourism
burma;KHIN MAUNG CHO;Min. of Industry
burma;PE MYINT;Min. of Information
burma;KYAW TIN;Min. of International Cooperation
burma;THAUNG TUN;Min. of Investment & Foreign Economic Relations
burma;THEIN SWE;Min. of Labor, Immigration, & Population
burma;OHN WIN;Min. of Natural Resources & Environmental Conservation
burma;KYAW TINT SWE;Min. in the Office of the State Counselor
burma;MIN THU;Min. of the Office of the Union Govt.
burma;SOE WIN;Min. of Planning & Finance
burma;AUNG KO;Min. of Religious Affairs & Culture
burma;WIN MYAT AYE;Min. of Social Welfare, Relief, & Resettlement
burma;THANT SIN MAUNG;Min. of Transportation & Communications
burma;AUNG SAN SUU KYI;Min. in the Office of the Pres.
burma;KYAW KYAW MAUNG;Governor, Central Bank of Burma
burma;AUNG LYNN;Ambassador to the US
burma;HAU DO SUAN;Permanent Representative to the UN, New York
burundi;Pierre NKURUNZIZA;Pres.
burundi;Gaston SINDIMWO;First Vice Pres.
burundi;Joseph BUTORE;Second Vice Pres.
burundi;Deo Guide RUREMA;Min. of Agriculture & Livestock
burundi;Felix MPOZERINIGA;Min. of Civil Service, Labor, & Employment
burundi;Pelate NIYONKURU;Min. of Commerce, Trade, Industry, & Tourism
burundi;Jeanne d’Arc KAGAYO;Min. of Communal Development
burundi;Come MANIRAKIZA;Min. of Energy & Mines
burundi;Ezechiel NIBIGIRA;Min. of External Relations & Intl. Cooperation
burundi;Domitien NDIHOKUBWAO;Min. of Finance, Budget, & Privatization
burundi;Serges NDAYIRAGIJE;Min. of Good Governance Planning
burundi;Janviere NDIRAHISHA;Min. of Higher Education & Scientific Research
burundi;Martin NIVIYABANDI;Min. of Human Rights, Social Affairs, & Gender
burundi;Pascal BARANDAGIYE;Min. of Interior & Patriotic Training
burundi;Aimee Laurentine KANYANA;Min. of Justice & Keeper of the Seals
burundi;Emannuel NTAHOMVUKIYE;Min. of National Defense & War Veterans
burundi;Josiane NIJIMBERE, Dr.;Min. of Public Health & Fight Against AIDS
burundi;Alain Guilaume BUNYONI;Min. of Public Security
burundi;Virginie CIZA;Min. of Transport, Public Works, & Equipment
burundi;Jean Bosco HITIMANA;Min. of Youth, Sports, & Culture
burundi;Valentin BAGORIKUNDA;Attorney Gen.
burundi;Jean CIZA;Governor, Central Bank
burundi;Ernest NDABASHINZE;Ambassador to the US
burundi;Albert SHINGIRO;Permanent Representative to the UN, New York
cabo-verde;Jorge Carlos de Almeida FONSECA;Pres.
cabo-verde;Ulisses CORREIA E SILVA;Prime Min.
cabo-verde;Gilberto SILVA;Min. of Agriculture & Environment
cabo-verde;Abraao VICENTE;Min. of Culture & Media
cabo-verde;Jose GONCALVES;Min. of Economy
cabo-verde;Maritza ROSABAL;Min. of Education
cabo-verde;Olavo CORREIA;Min. of Finance
cabo-verde;Luis Filipe TAVARES;Min. of Foreign Affairs, Defense, & Communities
cabo-verde;Arlindo DO ROSARIO;Min. of Health & Social Security
cabo-verde;Eunice SILVA;Min. of Infrastructure
cabo-verde;Paulo ROCHA;Min. of Internal Affairs
cabo-verde;Janine LELIS;Min. of Justice
cabo-verde;Carlos VEIGA;Ambassador to the US
cabo-verde;Fernando Jorge WAHNON FERREIRA;Permanent Representative to the UN, New York
cambodia;Norodom  SIHAMONI;King
cambodia;HUN SEN;Prime Min.
cambodia;BIN CHHIN;Permanent Dep. Prime Min.
cambodia;AUNG PORN MONIROTH;Dep. Prime Min.
cambodia;CHEA SOPHARA;Dep. Prime Min.
cambodia;HOR NAMHONG;Dep. Prime Min.
cambodia;KE KIMYAN;Dep. Prime Min.
cambodia;KONG SAM OL;Dep. Prime Min.
cambodia;MEN SAM AN;Dep. Prime Min.
cambodia;NHEK BUNCHHAY;Dep. Prime Min.
cambodia;SAR KHENG;Dep. Prime Min.
cambodia;PRAK SOKHON;Dep. Prime Min.
cambodia;TEA BANH, Gen.;Dep. Prime Min.
cambodia;YIM CHHAI LY;Dep. Prime Min.
cambodia;VENG SAKHON;Min. of Agriculture, Forestry, & Fisheries
cambodia;PRUM SOKHA;Min. of Civil Service
cambodia;PAN SORASAK;Min. of Commerce
cambodia;CHHIT SOKHON;Min. of Cults & Religious Affairs
cambodia;PHOEUNG SAKONA;Min. of Culture & Fine Arts
cambodia;AUN PORN MONIROTH;Min. of Economy & Finance
cambodia;HANG CHUON NARON;Min. of Education, Youth, & Sport
cambodia;SAY SAMAL;Min. of Environment
cambodia;PRAK SOKHON;Min. of Foreign Affairs & Intl. Cooperation
cambodia;MAM BUN HENG;Min. of Health
cambodia;CHAM PRASIDH;Min. of Industry, Science, Technology, & Innovation
cambodia;KHIEU KANHARITH;Min. of Information
cambodia;SAR KHENG;Min. of Interior
cambodia;KEUT RITH;Min. of Justice
cambodia;ITH SAM HENG;Min. of Labor & Vocational Training
cambodia;CHEA SOPHARA;Min. of Land Management, Urbanization, & Construction
cambodia;SUY SEM;Min. of Mines & Energy
cambodia;TEA BANH, Gen.;Min. of National Defense
cambodia;CHHAY THAN;Min. of Planning
cambodia;CHEA VANDETH;Min. of Posts & Telecommunications
cambodia;SUN CHANTHOL;Min. of Public Works & Transportation
cambodia;OUK RABUN;Min. of Rural Development
cambodia;THONG KHON;Min. of Tourism
cambodia;LIM KEAN-HAO;Min. of Water Resources & Meteorology
cambodia;Ing Kantha PHAVI, Dr.;Min. of Women’s Affairs
cambodia;CHEA CHANTO;Governor, State Bank
cambodia;MAO HAVANNALL, Gen.;State Secretariat of Civil Aviation
cambodia;CHUM SOUNRY;Ambassador to the US
cambodia;SOVANN KE;Permanent Representative to the UN, New York
cameroon;Paul BIYA;Pres.
cameroon;Joseph Dion NGUTE;Prime Min.
cameroon;Amadou ALI;Dep. Prime Min.
cameroon;Jean NKUETE;Dep. Prime Min.
cameroon;Ferdinand NGOH NGOH;Sec. Gen. of the Presidency
cameroon;Paul Che ELUNG;Dep. Sec. Gen. of the Presidency
cameroon;Moustapha MOHAMADOU;Dep. Sec. Gen. of the Presidency
cameroon;Joseph Beti ASSOMO;Min.-Del. at the Presidency in Charge of Defense
cameroon;Paul Mingo GHOGHOMU;Min. in Charge of Special Duties at the Presidency
cameroon;Hamadou MUSTAPHA;Min. in Charge of Special Duties at the Presidency
cameroon;Benoit NDONG SOUMHET;Min. in Charge of Special Duties at the Presidency
cameroon;Rene Emmanuel SADI;Min. in Charge of Special Duties at the Presidency
cameroon;Gabriel MBAIROBE;Min. of Agriculture & Rural Development
cameroon;Pierre Ismael BIDOUNG KPWATT;Min. of Arts & Culture
cameroon;Laurent Serge ETOUNDI NGOA;Min. of Basic Education
cameroon;Michel Ange ANGOUIN;Min. of Civil Service & Admin. Reform
cameroon;Luc Magloire MBARGA ATANGANA;Min. of Commerce
cameroon;Rene Emmanuel SADI;Min. of Communication
cameroon;George Obam ELANGA;Min. of Decentralization & Local Development
cameroon;Alamine Ousmane MEY;Min. of Economy, Planning, & Regional Development
cameroon;Bakary ISSA TCHIROMA;Min. of Employment & Professional Training
cameroon;Pierre HELE;Min. of Environment & Nature Protection
cameroon;Lejeune MBELLA MBELLA;Min. of External Relations
cameroon;Louis-Paul MOTAZE;Min. of Finance
cameroon;Jules Doret NDONGO;Min. of Forestry & Wildlife
cameroon;Jacques Fame NDONGO;Min. of Higher Education
cameroon;Jean de Dieu MOMO;Min. of Justice & Keeper of the Seals
cameroon;Gregroire OWONA;Min. of Labor & Social Insurance
cameroon;Henri EYEBE AYISSI;Min. of Land Tenure & State Property
cameroon;Aboubakary SARKI;Min. of Livestock & Fisheries
cameroon;Gabriel DODO NDOKE;Min. of Mines & Technological Development
cameroon;Alim YOUSSOUF;Min. of National Education
cameroon;Minette Libom Li LIKENG;Min. of Posts & Telecommunications
cameroon;Malachie MANAOUDA;Min. of Public Health
cameroon;Joseph LE;Min. of Public Service
cameroon;Madeleine TCHUENTE;Min. of Scientific Research & Innovation
cameroon;Pauline Lyonga NALOVA;Min. of Secondary Education
cameroon;Pauline Irene NGUENE;Min. of Social Affairs
cameroon;Narcisse MOUELLE KOMBI;Min. of Sports & Physical Education
cameroon;Paul Atanga NJI;Min. of Territorial Admin.
cameroon;Baba HAMADOU;Min. of Tourism
cameroon;Zakariaou NJOYA;Min. of Transport
cameroon;Celestine Keutcha COURTES;Min. of Urban Development & Housing
cameroon;George Essomba ELOUNDA;Min. of Water & Energy
cameroon;Marie Theresa Abena ONDOA;Min. of Women & Family Protection
cameroon;Mounouna FOUTSOU;Min. of Youth & Civic Education
cameroon;Landry ETOGA;Sec. of State for the Gendarmerie
cameroon;Armand NJODOM;Sec. of State for Public Works
cameroon;Philibert ANDZEMBE;Governor, Central Bank
cameroon;Henri ETOUNDI Essomba;Ambassador to the US
cameroon;Michel Tommo MONTHE;Permanent Representative to the UN, New York
canada;Julie PAYETTE;Governor Gen.
canada;Justin Pierre James TRUDEAU;Prime Min.
canada;Chrystia FREELAND;Dep. Prime Min. & Min. of Finance
canada;Dominic LEBLANC;Min. of Intergovernmental Affairs
canada;Marie-Claude BIBEAU;Min. of Agriculture & Agri-Food
canada;Steven GUILBEAULT;Min. of Canadian Heritage
canada;Carolyn BENNETT;Min. of Crown-Indigenous Relations
canada;Joyce MURRY;Min. of Digital Government
canada;Bardish CHAGGER;Min. of Diversity & Inclusion & Youth
canada;Melanie JOLY;Min. of Economic Development & Official Languages
canada;Jonathan WILKINSON;Min. of Environment & Climate Change
canada;Ahmed HUSSEN;Min. of Families, Children, & Social Development
canada;Bernadette JORDAN;Min. of Fisheries, Oceans, & the Canadian Coast Guard
canada;Francois-Philippe CHAMPAGNE;Min. of Foreign Affairs
canada;Patty HAJDU;Min. of Health
canada;Marco E. L. MENDICINO;Min. of Immigration, Refugees, & Citizenship
canada;Marc MILLER;Min. of Indigenous Services
canada;Catherine MCKENNA;Min. of Infrastructure & Communities
canada;Navdeep Singh BAINS;Min. of Innovation, Science, & Industry
canada;Karina GOULD;Min. of Intl. Development
canada;David LAMETTI;Min. of Justice & Attorney Gen.
canada;Filomena TASSI;Min. of Labor
canada;Mona FORTIER;Min. of Middle Class Prosperity
canada;Harjit Singh SAJJAN;Min. of National Defense
canada;Diane LEBOUTHILLIER;Min. of National Revenue
canada;Seamus O’REGAN;Min. of Natural Resources
canada;Dan VANDAL;Min. of Northern Affairs
canada;William BLAIR;Min. of Public Safety & Emergency Preparedness
canada;Anita ANAND;Min. of Public Services & Procurement
canada;Deb SHULTE;Min. of Seniors
canada;Marc GARNEAU;Min. of Transport
canada;Lawrence MACAULAY;Min. of Veterans Affairs
canada;Jean-Yves DUCLOS;Pres., Treasury Board
canada;Dominic LEBLANC;Pres., Queen’s Privy Council for Canada
canada;Pablo RODRIGUEZ;Leader of the Govt. in the House of Commons
canada;Peter HARDER;Leader of the Govt. in the Senate
canada;Stephen POLOZ;Governor, Bank of Canada
canada;N/A;Ambassador to the US
canada;Marc-Andre BLANCHARD;Permanent Representative to the UN, New York
central-african-republic;Faustin-Archange TOUADERA;Pres.
central-african-republic;Simplice SARANDJI;Prime Min.
central-african-republic;Honore FEIZOURE;Min. of Agriculture & Rural Development
central-african-republic;Gisele PANA;Min. of Arts, Tourism, Culture, & Francophony
central-african-republic;Charles Paul Lemasset MANDYA;Min. of Communication & Information
central-african-republic;Joseph YAKETE;Min. of Defense
central-african-republic;Felix MOLOUA;Min. of Economy, Planning, & Cooperation
central-african-republic;Theodore JOUSSO;Min. of Equipment, Transport, Civil Aviation, & Access
central-african-republic;Henri Marie DONDRA;Min. of Finance & Budget
central-african-republic;Fernande NDJENGBOT;Min. of Health, Public Health, & Population
central-african-republic;Gaby Francky LEFFA;Min. of Housing, Social Housing, & Urban Planning
central-african-republic;Flavien MBATTA;Min. of Justice & Human Rights & Keeper of the Seals
central-african-republic;Yerima Youssoufa MANDJO;Min. of Livestock & Animal Health
central-african-republic;Leopold MBOLI-FATRANE;Min. of Mines, Energy, & Hydraulics
central-african-republic;Virginie BAIKOUA;Min. of Social Affairs & National Reconciliation
central-african-republic;Come HASSANE;Min. of Trade & Industry
central-african-republic;Abbas Mahamat TOLLI;Governor, Bank of Central African States
central-african-republic;Stanislas MOUSSA-KEMBE;Ambassador to the US
central-african-republic;Ambroisine KPONGO;Permanent Representative to the UN, New York
